Panelist,Attribute,Juice,Rank
BTW,Hue,A,4
BTW,Hue,B,1
BTW,Hue,C,8
BTW,Hue,D,1
BTW,Hue,E,3
BTW,Hue,F,6
BTW,Hue,G,1
BTW,Hue,H,6
BTW,Sweetness_O,A,7
BTW,Sweetness_O,B,6
BTW,Sweetness_O,C,6
BTW,Sweetness_O,D,3
BTW,Sweetness_O,E,9
BTW,Sweetness_O,F,9
BTW,Sweetness_O,G,6
BTW,Sweetness_O,H,7
BTW,Artificial_O,A,6
BTW,Artificial_O,B,5
BTW,Artificial_O,C,2
BTW,Artificial_O,D,3
BTW,Artificial_O,E,7
BTW,Artificial_O,F,8
BTW,Artificial_O,G,1
BTW,Artificial_O,H,6
BTW,Sourness_T,A,5
BTW,Sourness_T,B,9
BTW,Sourness_T,C,8
BTW,Sourness_T,D,4
BTW,Sourness_T,E,4
BTW,Sourness_T,F,2
BTW,Sourness_T,G,5
BTW,Sourness_T,H,2
BTW,Sweetness_T,A,3
BTW,Sweetness_T,B,4
BTW,Sweetness_T,C,3
BTW,Sweetness_T,D,4
BTW,Sweetness_T,E,8
BTW,Sweetness_T,F,9
BTW,Sweetness_T,G,5
BTW,Sweetness_T,H,9
BTW,Bitterness _AF,A,3
BTW,Bitterness _AF,B,1
BTW,Bitterness _AF,C,7
BTW,Bitterness _AF,D,2
BTW,Bitterness _AF,E,7
BTW,Bitterness _AF,F,6
BTW,Bitterness _AF,G,5
BTW,Bitterness _AF,H,1
BTW,Sourness _AF,A,7
BTW,Sourness _AF,B,6
BTW,Sourness _AF,C,9
BTW,Sourness _AF,D,2
BTW,Sourness _AF,E,2
BTW,Sourness _AF,F,2
BTW,Sourness _AF,G,4
BTW,Sourness _AF,H,3
BTW,Pulp,A,1
BTW,Pulp,B,8
BTW,Pulp,C,2
BTW,Pulp,D,9
BTW,Pulp,E,1
BTW,Pulp,F,1
BTW,Pulp,G,5
BTW,Pulp,H,1
NLB,Yellow_color_intensity,A,2
NLB,Yellow_color_intensity,B,8
NLB,Yellow_color_intensity,C,1
NLB,Yellow_color_intensity,D,7
NLB,Yellow_color_intensity,E,3
NLB,Yellow_color_intensity,F,1
NLB,Yellow_color_intensity,G,8
NLB,Yellow_color_intensity,H,2
NLB,Orange_color_intensity,A,7
NLB,Orange_color_intensity,B,1
NLB,Orange_color_intensity,C,2
NLB,Orange_color_intensity,D,3
NLB,Orange_color_intensity,E,5
NLB,Orange_color_intensity,F,9
NLB,Orange_color_intensity,G,2
NLB,Orange_color_intensity,H,9
NLB,Sweetness_O,A,8
NLB,Sweetness_O,B,3
NLB,Sweetness_O,C,1
NLB,Sweetness_O,D,2
NLB,Sweetness_O,E,4
NLB,Sweetness_O,F,9
NLB,Sweetness_O,G,4
NLB,Sweetness_O,H,8
NLB,Artificial_O,A,5
NLB,Artificial_O,B,2
NLB,Artificial_O,C,6
NLB,Artificial_O,D,1
NLB,Artificial_O,E,6
NLB,Artificial_O,F,8
NLB,Artificial_O,G,3
NLB,Artificial_O,H,7
NLB,Overall_strength_of_orange_aroma,A,6
NLB,Overall_strength_of_orange_aroma,B,5
NLB,Overall_strength_of_orange_aroma,C,6
NLB,Overall_strength_of_orange_aroma,D,8
NLB,Overall_strength_of_orange_aroma,E,4
NLB,Overall_strength_of_orange_aroma,F,2
NLB,Overall_strength_of_orange_aroma,G,7
NLB,Overall_strength_of_orange_aroma,H,4
NLB,Sourness_T,A,2
NLB,Sourness_T,B,7
NLB,Sourness_T,C,8
NLB,Sourness_T,D,7
NLB,Sourness_T,E,8
NLB,Sourness_T,F,3
NLB,Sourness_T,G,7
NLB,Sourness_T,H,2
NLB,Sweetness_T,A,8
NLB,Sweetness_T,B,5
NLB,Sweetness_T,C,1
NLB,Sweetness_T,D,3
NLB,Sweetness_T,E,3
NLB,Sweetness_T,F,7
NLB,Sweetness_T,G,5
NLB,Sweetness_T,H,8
NLB,Bitterness_T,A,2
NLB,Bitterness_T,B,3
NLB,Bitterness_T,C,5
NLB,Bitterness_T,D,3
NLB,Bitterness_T,E,7
NLB,Bitterness_T,F,2
NLB,Bitterness_T,G,6
NLB,Bitterness_T,H,2
NLB,Artificial_T,A,7
NLB,Artificial_T,B,2
NLB,Artificial_T,C,3
NLB,Artificial_T,D,2
NLB,Artificial_T,E,5
NLB,Artificial_T,F,8
NLB,Artificial_T,G,3
NLB,Artificial_T,H,7
NLB,Overall_strength_of_orange_flavour,A,5
NLB,Overall_strength_of_orange_flavour,B,6
NLB,Overall_strength_of_orange_flavour,C,6
NLB,Overall_strength_of_orange_flavour,D,8
NLB,Overall_strength_of_orange_flavour,E,4
NLB,Overall_strength_of_orange_flavour,F,3
NLB,Overall_strength_of_orange_flavour,G,8
NLB,Overall_strength_of_orange_flavour,H,2
NLB,Richness,A,3
NLB,Richness,B,6
NLB,Richness,C,4
NLB,Richness,D,7
NLB,Richness,E,3
NLB,Richness,F,1
NLB,Richness,G,6
NLB,Richness,H,2
NLB,Acidity_AF,A,1
NLB,Acidity_AF,B,6
NLB,Acidity_AF,C,8
NLB,Acidity_AF,D,5
NLB,Acidity_AF,E,7
NLB,Acidity_AF,F,2
NLB,Acidity_AF,G,6
NLB,Acidity_AF,H,2
NLB,Duration,A,3
NLB,Duration,B,3
NLB,Duration,C,8
NLB,Duration,D,6
NLB,Duration,E,4
NLB,Duration,F,2
NLB,Duration,G,6
NLB,Duration,H,1
SLB,Yellow_color_intensity,A,1
SLB,Yellow_color_intensity,B,7
SLB,Yellow_color_intensity,C,1
SLB,Yellow_color_intensity,D,9
SLB,Yellow_color_intensity,E,5
SLB,Yellow_color_intensity,F,1
SLB,Yellow_color_intensity,G,7
SLB,Yellow_color_intensity,H,1
SLB,Orange_color_intensity,A,8
SLB,Orange_color_intensity,B,1
SLB,Orange_color_intensity,C,1
SLB,Orange_color_intensity,D,1
SLB,Orange_color_intensity,E,1
SLB,Orange_color_intensity,F,7
SLB,Orange_color_intensity,G,1
SLB,Orange_color_intensity,H,9
SLB,Red_color_intensity,A,1
SLB,Red_color_intensity,B,1
SLB,Red_color_intensity,C,9
SLB,Red_color_intensity,D,1
SLB,Red_color_intensity,E,1
SLB,Red_color_intensity,F,1
SLB,Red_color_intensity,G,1
SLB,Red_color_intensity,H,1
SLB,Sweetness_O,A,8
SLB,Sweetness_O,B,2
SLB,Sweetness_O,C,2
SLB,Sweetness_O,D,2
SLB,Sweetness_O,E,6
SLB,Sweetness_O,F,9
SLB,Sweetness_O,G,4
SLB,Sweetness_O,H,8
SLB,Sourness_O,A,1
SLB,Sourness_O,B,7
SLB,Sourness_O,C,6
SLB,Sourness_O,D,6
SLB,Sourness_O,E,6
SLB,Sourness_O,F,1
SLB,Sourness_O,G,6
SLB,Sourness_O,H,4
SLB,Sweetness_T,A,7
SLB,Sweetness_T,B,7
SLB,Sweetness_T,C,5
SLB,Sweetness_T,D,6
SLB,Sweetness_T,E,6
SLB,Sweetness_T,F,9
SLB,Sweetness_T,G,6
SLB,Sweetness_T,H,9
SLB,Sourness_T,A,1
SLB,Sourness_T,B,4
SLB,Sourness_T,C,6
SLB,Sourness_T,D,3
SLB,Sourness_T,E,3
SLB,Sourness_T,F,1
SLB,Sourness_T,G,2
SLB,Sourness_T,H,1
SLB,Bitterness_T,A,1
SLB,Bitterness_T,B,5
SLB,Bitterness_T,C,3
SLB,Bitterness_T,D,2
SLB,Bitterness_T,E,3
SLB,Bitterness_T,F,1
SLB,Bitterness_T,G,2
SLB,Bitterness_T,H,1
SLB,Orange_Intensity_T,A,1
SLB,Orange_Intensity_T,B,8
SLB,Orange_Intensity_T,C,4
SLB,Orange_Intensity_T,D,7
SLB,Orange_Intensity_T,E,3
SLB,Orange_Intensity_T,F,1
SLB,Orange_Intensity_T,G,7
SLB,Orange_Intensity_T,H,2
SLB,Richness,A,1
SLB,Richness,B,7
SLB,Richness,C,4
SLB,Richness,D,7
SLB,Richness,E,3
SLB,Richness,F,1
SLB,Richness,G,6
SLB,Richness,H,2
SLB,Pulp,A,1
SLB,Pulp,B,NA
SLB,Pulp,C,1
SLB,Pulp,D,8
SLB,Pulp,E,1
SLB,Pulp,F,1
SLB,Pulp,G,1
SLB,Pulp,H,1
SLB,Sourness_AF,A,1
SLB,Sourness_AF,B,3
SLB,Sourness_AF,C,6
SLB,Sourness_AF,D,2
SLB,Sourness_AF,E,2
SLB,Sourness_AF,F,1
SLB,Sourness_AF,G,4
SLB,Sourness_AF,H,1
SLB,Bitterness_AF,A,2
SLB,Bitterness_AF,B,3
SLB,Bitterness_AF,C,2
SLB,Bitterness_AF,D,2
SLB,Bitterness_AF,E,2
SLB,Bitterness_AF,F,1
SLB,Bitterness_AF,G,2
SLB,Bitterness_AF,H,1
LB,Color_intensity,A,6
LB,Color_intensity,B,3
LB,Color_intensity,C,9
LB,Color_intensity,D,4
LB,Color_intensity,E,2
LB,Color_intensity,F,5
LB,Color_intensity,G,4
LB,Color_intensity,H,5
LB,Sweetness_O,A,7
LB,Sweetness_O,B,4
LB,Sweetness_O,C,5
LB,Sweetness_O,D,4
LB,Sweetness_O,E,7
LB,Sweetness_O,F,4
LB,Sweetness_O,G,7
LB,Sweetness_O,H,4
LB,Sweetness_T,A,7
LB,Sweetness_T,B,7
LB,Sweetness_T,C,3
LB,Sweetness_T,D,6
LB,Sweetness_T,E,8
LB,Sweetness_T,F,4
LB,Sweetness_T,G,6
LB,Sweetness_T,H,8
LB,Processed_T,A,6
LB,Processed_T,B,5
LB,Processed_T,C,4
LB,Processed_T,D,3
LB,Processed_T,E,8
LB,Processed_T,F,6
LB,Processed_T,G,8
LB,Processed_T,H,6
LB,Metal_T,A,4
LB,Metal_T,B,8
LB,Metal_T,C,7
LB,Metal_T,D,5
LB,Metal_T,E,2
LB,Metal_T,F,6
LB,Metal_T,G,8
LB,Metal_T,H,7
LB,Sourness_T,A,2
LB,Sourness_T,B,6
LB,Sourness_T,C,8
LB,Sourness_T,D,6
LB,Sourness_T,E,3
LB,Sourness_T,F,6
LB,Sourness_T,G,7
LB,Sourness_T,H,5
LB,Bitterness_T,A,3
LB,Bitterness_T,B,4
LB,Bitterness_T,C,5
LB,Bitterness_T,D,2
LB,Bitterness_T,E,1
LB,Bitterness_T,F,3
LB,Bitterness_T,G,2
LB,Bitterness_T,H,1
LB,Duration_AF,A,7
LB,Duration_AF,B,6
LB,Duration_AF,C,6
LB,Duration_AF,D,5
LB,Duration_AF,E,3
LB,Duration_AF,F,3
LB,Duration_AF,G,8
LB,Duration_AF,H,4
LB,Packaging_T,A,6
LB,Packaging_T,B,6
LB,Packaging_T,C,3
LB,Packaging_T,D,4
LB,Packaging_T,E,5
LB,Packaging_T,F,5
LB,Packaging_T,G,6
LB,Packaging_T,H,7
LB,Richness,A,4
LB,Richness,B,5
LB,Richness,C,6
LB,Richness,D,7
LB,Richness,E,2
LB,Richness,F,2
LB,Richness,G,4
LB,Richness,H,3
LB,Pulp,A,2
LB,Pulp,B,4
LB,Pulp,C,4
LB,Pulp,D,8
LB,Pulp,E,1
LB,Pulp,F,1
LB,Pulp,G,2
LB,Pulp,H,2
SC,Artificial_color,A,8
SC,Artificial_color,B,2
SC,Artificial_color,C,9
SC,Artificial_color,D,2
SC,Artificial_color,E,8
SC,Artificial_color,F,9
SC,Artificial_color,G,7
SC,Artificial_color,H,2
SC,Orange_color_intensity,A,4
SC,Orange_color_intensity,B,8
SC,Orange_color_intensity,C,1
SC,Orange_color_intensity,D,7
SC,Orange_color_intensity,E,2
SC,Orange_color_intensity,F,2
SC,Orange_color_intensity,G,7
SC,Orange_color_intensity,H,4
SC,Orange_O,A,2
SC,Orange_O,B,7
SC,Orange_O,C,2
SC,Orange_O,D,7
SC,Orange_O,E,3
SC,Orange_O,F,2
SC,Orange_O,G,6
SC,Orange_O,H,6
SC,Sweetness_O,A,8
SC,Sweetness_O,B,3
SC,Sweetness_O,C,7
SC,Sweetness_O,D,3
SC,Sweetness_O,E,7
SC,Sweetness_O,F,6
SC,Sweetness_O,G,2
SC,Sweetness_O,H,6
SC,Acidity_O,A,2
SC,Acidity_O,B,6
SC,Acidity_O,C,2
SC,Acidity_O,D,2
SC,Acidity_O,E,2
SC,Acidity_O,F,2
SC,Acidity_O,G,3
SC,Acidity_O,H,5
SC,Orange_T,A,2
SC,Orange_T,B,8
SC,Orange_T,C,6
SC,Orange_T,D,8
SC,Orange_T,E,2
SC,Orange_T,F,1
SC,Orange_T,G,7
SC,Orange_T,H,6
SC,Sweetness_T,A,8
SC,Sweetness_T,B,3
SC,Sweetness_T,C,4
SC,Sweetness_T,D,2
SC,Sweetness_T,E,8
SC,Sweetness_T,F,7
SC,Sweetness_T,G,2
SC,Sweetness_T,H,6
SC,Acidity_T,A,2
SC,Acidity_T,B,6
SC,Acidity_T,C,7
SC,Acidity_T,D,7
SC,Acidity_T,E,2
SC,Acidity_T,F,3
SC,Acidity_T,G,7
SC,Acidity_T,H,5
SC,Bitterness_T,A,1
SC,Bitterness_T,B,1
SC,Bitterness_T,C,1
SC,Bitterness_T,D,4
SC,Bitterness_T,E,1
SC,Bitterness_T,F,1
SC,Bitterness_T,G,2
SC,Bitterness_T,H,1
SC,Astringency_T,A,1
SC,Astringency_T,B,3
SC,Astringency_T,C,3
SC,Astringency_T,D,2
SC,Astringency_T,E,2
SC,Astringency_T,F,1
SC,Astringency_T,G,3
SC,Astringency_T,H,2
SC,Richness_T,A,2
SC,Richness_T,B,7
SC,Richness_T,C,6
SC,Richness_T,D,8
SC,Richness_T,E,3
SC,Richness_T,F,2
SC,Richness_T,G,7
SC,Richness_T,H,3
SC,Orange_AF,A,2
SC,Orange_AF,B,7
SC,Orange_AF,C,6
SC,Orange_AF,D,8
SC,Orange_AF,E,2
SC,Orange_AF,F,2
SC,Orange_AF,G,8
SC,Orange_AF,H,6
SC,Sweetness_AF,A,7
SC,Sweetness_AF,B,2
SC,Sweetness_AF,C,2
SC,Sweetness_AF,D,3
SC,Sweetness_AF,E,7
SC,Sweetness_AF,F,6
SC,Sweetness_AF,G,3
SC,Sweetness_AF,H,6
SC,Acidity_AF,A,2
SC,Acidity_AF,B,6
SC,Acidity_AF,C,7
SC,Acidity_AF,D,6
SC,Acidity_AF,E,2
SC,Acidity_AF,F,2
SC,Acidity_AF,G,7
SC,Acidity_AF,H,6
SC,Bitterness_AF,A,1
SC,Bitterness_AF,B,1
SC,Bitterness_AF,C,1
SC,Bitterness_AF,D,2
SC,Bitterness_AF,E,1
SC,Bitterness_AF,F,1
SC,Bitterness_AF,G,2
SC,Bitterness_AF,H,1
SC,Astringency_AF,A,1
SC,Astringency_AF,B,3
SC,Astringency_AF,C,3
SC,Astringency_AF,D,3
SC,Astringency_AF,E,1
SC,Astringency_AF,F,1
SC,Astringency_AF,G,3
SC,Astringency_AF,H,2
SD,Redness,A,6
SD,Redness,B,1
SD,Redness,C,9
SD,Redness,D,2
SD,Redness,E,5
SD,Redness,F,6
SD,Redness,G,1
SD,Redness,H,7
SD,Yellowness,A,6
SD,Yellowness,B,9
SD,Yellowness,C,1
SD,Yellowness,D,8
SD,Yellowness,E,7
SD,Yellowness,F,7
SD,Yellowness,G,9
SD,Yellowness,H,6
SD,Turbidity,A,6
SD,Turbidity,B,9
SD,Turbidity,C,8
SD,Turbidity,D,9
SD,Turbidity,E,5
SD,Turbidity,F,1
SD,Turbidity,G,8
SD,Turbidity,H,7
SD,Sweetness_O,A,6
SD,Sweetness_O,B,3
SD,Sweetness_O,C,3
SD,Sweetness_O,D,1
SD,Sweetness_O,E,6
SD,Sweetness_O,F,8
SD,Sweetness_O,G,6
SD,Sweetness_O,H,8
SD,Fruitiness_O,A,7
SD,Fruitiness_O,B,2
SD,Fruitiness_O,C,2
SD,Fruitiness_O,D,1
SD,Fruitiness_O,E,2
SD,Fruitiness_O,F,6
SD,Fruitiness_O,G,3
SD,Fruitiness_O,H,6
SD,Artificial_O,A,6
SD,Artificial_O,B,2
SD,Artificial_O,C,7
SD,Artificial_O,D,7
SD,Artificial_O,E,7
SD,Artificial_O,F,9
SD,Artificial_O,G,5
SD,Artificial_O,H,7
SD,Sourness_O,A,4
SD,Sourness_O,B,2
SD,Sourness_O,C,2
SD,Sourness_O,D,1
SD,Sourness_O,E,2
SD,Sourness_O,F,2
SD,Sourness_O,G,7
SD,Sourness_O,H,2
SD,Packaging_O,A,3
SD,Packaging_O,B,2
SD,Packaging_O,C,5
SD,Packaging_O,D,7
SD,Packaging_O,E,7
SD,Packaging_O,F,4
SD,Packaging_O,G,3
SD,Packaging_O,H,5
SD,Fermented_O,A,2
SD,Fermented_O,B,1
SD,Fermented_O,C,6
SD,Fermented_O,D,1
SD,Fermented_O,E,5
SD,Fermented_O,F,2
SD,Fermented_O,G,4
SD,Fermented_O,H,3
SD,Sourness_T,A,7
SD,Sourness_T,B,6
SD,Sourness_T,C,8
SD,Sourness_T,D,5
SD,Sourness_T,E,6
SD,Sourness_T,F,5
SD,Sourness_T,G,4
SD,Sourness_T,H,3
SD,Sweetness_T,A,5
SD,Sweetness_T,B,4
SD,Sweetness_T,C,4
SD,Sweetness_T,D,7
SD,Sweetness_T,E,7
SD,Sweetness_T,F,7
SD,Sweetness_T,G,6
SD,Sweetness_T,H,8
SD,Bitterness_T,A,2
SD,Bitterness_T,B,6
SD,Bitterness_T,C,7
SD,Bitterness_T,D,3
SD,Bitterness_T,E,3
SD,Bitterness_T,F,2
SD,Bitterness_T,G,3
SD,Bitterness_T,H,2
SD,Astringency_T,A,2
SD,Astringency_T,B,2
SD,Astringency_T,C,5
SD,Astringency_T,D,2
SD,Astringency_T,E,4
SD,Astringency_T,F,2
SD,Astringency_T,G,5
SD,Astringency_T,H,7
SD,Pulp,A,2
SD,Pulp,B,8
SD,Pulp,C,2
SD,Pulp,D,9
SD,Pulp,E,1
SD,Pulp,F,1
SD,Pulp,G,6
SD,Pulp,H,2
SD,Richness,A,5
SD,Richness,B,6
SD,Richness,C,3
SD,Richness,D,5
SD,Richness,E,3
SD,Richness,F,4
SD,Richness,G,4
SD,Richness,H,6
SLPF,Yellow_intensity_C,A,2
SLPF,Yellow_intensity_C,B,8
SLPF,Yellow_intensity_C,C,1
SLPF,Yellow_intensity_C,D,8
SLPF,Yellow_intensity_C,E,8
SLPF,Yellow_intensity_C,F,2
SLPF,Yellow_intensity_C,G,8
SLPF,Yellow_intensity_C,H,2
SLPF,Orange_intensity_C,A,8
SLPF,Orange_intensity_C,B,2
SLPF,Orange_intensity_C,C,2
SLPF,Orange_intensity_C,D,2
SLPF,Orange_intensity_C,E,3
SLPF,Orange_intensity_C,F,8
SLPF,Orange_intensity_C,G,2
SLPF,Orange_intensity_C,H,7
SLPF,Red_intensity_C,A,2
SLPF,Red_intensity_C,B,1
SLPF,Red_intensity_C,C,8
SLPF,Red_intensity_C,D,1
SLPF,Red_intensity_C,E,1
SLPF,Red_intensity_C,F,3
SLPF,Red_intensity_C,G,1
SLPF,Red_intensity_C,H,3
SLPF,Orange_aroma,A,3
SLPF,Orange_aroma,B,6
SLPF,Orange_aroma,C,4
SLPF,Orange_aroma,D,7
SLPF,Orange_aroma,E,4
SLPF,Orange_aroma,F,2
SLPF,Orange_aroma,G,6
SLPF,Orange_aroma,H,2
SLPF,Artificial_odour,A,8
SLPF,Artificial_odour,B,7
SLPF,Artificial_odour,C,8
SLPF,Artificial_odour,D,5
SLPF,Artificial_odour,E,7
SLPF,Artificial_odour,F,9
SLPF,Artificial_odour,G,7
SLPF,Artificial_odour,H,8
SLPF,Sourness_T,A,1
SLPF,Sourness_T,B,3
SLPF,Sourness_T,C,9
SLPF,Sourness_T,D,7
SLPF,Sourness_T,E,8
SLPF,Sourness_T,F,3
SLPF,Sourness_T,G,6
SLPF,Sourness_T,H,6
SLPF,Sweetness_T,A,8
SLPF,Sweetness_T,B,4
SLPF,Sweetness_T,C,2
SLPF,Sweetness_T,D,3
SLPF,Sweetness_T,E,7
SLPF,Sweetness_T,F,8
SLPF,Sweetness_T,G,4
SLPF,Sweetness_T,H,7
SLPF,Bitterness_T,A,1
SLPF,Bitterness_T,B,3
SLPF,Bitterness_T,C,2
SLPF,Bitterness_T,D,2
SLPF,Bitterness_T,E,2
SLPF,Bitterness_T,F,1
SLPF,Bitterness_T,G,3
SLPF,Bitterness_T,H,1
SLPF,Orange_flavour,A,2
SLPF,Orange_flavour,B,7
SLPF,Orange_flavour,C,2
SLPF,Orange_flavour,D,7
SLPF,Orange_flavour,E,5
SLPF,Orange_flavour,F,2
SLPF,Orange_flavour,G,6
SLPF,Orange_flavour,H,3
SLPF,Artificial_taste,A,8
SLPF,Artificial_taste,B,5
SLPF,Artificial_taste,C,8
SLPF,Artificial_taste,D,5
SLPF,Artificial_taste,E,7
SLPF,Artificial_taste,F,9
SLPF,Artificial_taste,G,7
SLPF,Artificial_taste,H,9
SLPF,Acidity_AF,A,4
SLPF,Acidity_AF,B,3
SLPF,Acidity_AF,C,6
SLPF,Acidity_AF,D,3
SLPF,Acidity_AF,E,3
SLPF,Acidity_AF,F,2
SLPF,Acidity_AF,G,6
SLPF,Acidity_AF,H,2
SLPF,Sourness_AF,A,1
SLPF,Sourness_AF,B,3
SLPF,Sourness_AF,C,7
SLPF,Sourness_AF,D,2
SLPF,Sourness_AF,E,2
SLPF,Sourness_AF,F,2
SLPF,Sourness_AF,G,5
SLPF,Sourness_AF,H,3
SLPF,Bitterness_AF,A,1
SLPF,Bitterness_AF,B,2
SLPF,Bitterness_AF,C,2
SLPF,Bitterness_AF,D,1
SLPF,Bitterness_AF,E,1
SLPF,Bitterness_AF,F,2
SLPF,Bitterness_AF,G,2
SLPF,Bitterness_AF,H,2
SLPF,Pulp,A,1
SLPF,Pulp,B,8
SLPF,Pulp,C,1
SLPF,Pulp,D,8
SLPF,Pulp,E,1
SLPF,Pulp,F,1
SLPF,Pulp,G,2
SLPF,Pulp,H,1
SLPF,Richness,A,2
SLPF,Richness,B,7
SLPF,Richness,C,3
SLPF,Richness,D,6
SLPF,Richness,E,2
SLPF,Richness,F,2
SLPF,Richness,G,3
SLPF,Richness,H,2
REJ,Orange_intesity,A,7
REJ,Orange_intesity,B,5
REJ,Orange_intesity,C,2
REJ,Orange_intesity,D,4
REJ,Orange_intesity,E,6
REJ,Orange_intesity,F,8
REJ,Orange_intesity,G,7
REJ,Orange_intesity,H,7
REJ,Sweetness_O,A,8
REJ,Sweetness_O,B,6
REJ,Sweetness_O,C,4
REJ,Sweetness_O,D,3
REJ,Sweetness_O,E,6
REJ,Sweetness_O,F,8
REJ,Sweetness_O,G,6
REJ,Sweetness_O,H,8
REJ,Sweetness_T,A,9
REJ,Sweetness_T,B,4
REJ,Sweetness_T,C,3
REJ,Sweetness_T,D,3
REJ,Sweetness_T,E,6
REJ,Sweetness_T,F,9
REJ,Sweetness_T,G,7
REJ,Sweetness_T,H,9
REJ,Sourness_O,A,7
REJ,Sourness_O,B,4
REJ,Sourness_O,C,8
REJ,Sourness_O,D,7
REJ,Sourness_O,E,8
REJ,Sourness_O,F,3
REJ,Sourness_O,G,5
REJ,Sourness_O,H,6
REJ,Sourness_T,A,6
REJ,Sourness_T,B,7
REJ,Sourness_T,C,8
REJ,Sourness_T,D,8
REJ,Sourness_T,E,8
REJ,Sourness_T,F,4
REJ,Sourness_T,G,6
REJ,Sourness_T,H,7
REJ,Aged_O,A,1
REJ,Aged_O,B,3
REJ,Aged_O,C,7
REJ,Aged_O,D,1
REJ,Aged_O,E,4
REJ,Aged_O,F,1
REJ,Aged_O,G,8
REJ,Aged_O,H,1
REJ,Aged_T,A,1
REJ,Aged_T,B,4
REJ,Aged_T,C,7
REJ,Aged_T,D,1
REJ,Aged_T,E,6
REJ,Aged_T,F,4
REJ,Aged_T,G,8
REJ,Aged_T,H,1
REJ,Bitterness_T,A,4
REJ,Bitterness_T,B,4
REJ,Bitterness_T,C,7
REJ,Bitterness_T,D,3
REJ,Bitterness_T,E,7
REJ,Bitterness_T,F,4
REJ,Bitterness_T,G,7
REJ,Bitterness_T,H,1
REJ,Acidity_T,A,3
REJ,Acidity_T,B,6
REJ,Acidity_T,C,8
REJ,Acidity_T,D,7
REJ,Acidity_T,E,4
REJ,Acidity_T,F,2
REJ,Acidity_T,G,5
REJ,Acidity_T,H,8
REJ,Artificial_T,A,7
REJ,Artificial_T,B,1
REJ,Artificial_T,C,6
REJ,Artificial_T,D,2
REJ,Artificial_T,E,3
REJ,Artificial_T,F,7
REJ,Artificial_T,G,2
REJ,Artificial_T,H,9
REJ,Bitterness_AF,A,7
REJ,Bitterness_AF,B,7
REJ,Bitterness_AF,C,2
REJ,Bitterness_AF,D,2
REJ,Bitterness_AF,E,8
REJ,Bitterness_AF,F,9
REJ,Bitterness_AF,G,8
REJ,Bitterness_AF,H,1
REJ,Fermented_T,A,3
REJ,Fermented_T,B,3
REJ,Fermented_T,C,7
REJ,Fermented_T,D,2
REJ,Fermented_T,E,6
REJ,Fermented_T,F,2
REJ,Fermented_T,G,9
REJ,Fermented_T,H,2
REJ,Astringency,A,2
REJ,Astringency,B,5
REJ,Astringency,C,8
REJ,Astringency,D,9
REJ,Astringency,E,8
REJ,Astringency,F,2
REJ,Astringency,G,6
REJ,Astringency,H,7
REJ,Pulp,A,1
REJ,Pulp,B,7
REJ,Pulp,C,1
REJ,Pulp,D,9
REJ,Pulp,E,3
REJ,Pulp,F,1
REJ,Pulp,G,8
REJ,Pulp,H,1
REJ,Yellow_Intensity,A,4
REJ,Yellow_Intensity,B,7
REJ,Yellow_Intensity,C,1
REJ,Yellow_Intensity,D,8
REJ,Yellow_Intensity,E,4
REJ,Yellow_Intensity,F,1
REJ,Yellow_Intensity,G,8
REJ,Yellow_Intensity,H,5
REJ,Red_Intensity,A,2
REJ,Red_Intensity,B,1
REJ,Red_Intensity,C,8
REJ,Red_Intensity,D,1
REJ,Red_Intensity,E,1
REJ,Red_Intensity,F,1
REJ,Red_Intensity,G,1
REJ,Red_Intensity,H,1
AHMK,Sourness_O,A,2
AHMK,Sourness_O,B,1
AHMK,Sourness_O,C,3
AHMK,Sourness_O,D,3
AHMK,Sourness_O,E,1
AHMK,Sourness_O,F,1
AHMK,Sourness_O,G,3
AHMK,Sourness_O,H,2
AHMK,Artificial_O,A,3
AHMK,Artificial_O,B,6
AHMK,Artificial_O,C,1
AHMK,Artificial_O,D,1
AHMK,Artificial_O,E,5
AHMK,Artificial_O,F,8
AHMK,Artificial_O,G,5
AHMK,Artificial_O,H,6
AHMK,Yellow_Color,A,1
AHMK,Yellow_Color,B,8
AHMK,Yellow_Color,C,1
AHMK,Yellow_Color,D,8
AHMK,Yellow_Color,E,4
AHMK,Yellow_Color,F,1
AHMK,Yellow_Color,G,7
AHMK,Yellow_Color,H,1
AHMK,Red_Color,A,1
AHMK,Red_Color,B,1
AHMK,Red_Color,C,8
AHMK,Red_Color,D,1
AHMK,Red_Color,E,1
AHMK,Red_Color,F,1
AHMK,Red_Color,G,1
AHMK,Red_Color,H,1
AHMK,Orange_Color,A,7
AHMK,Orange_Color,B,1
AHMK,Orange_Color,C,1
AHMK,Orange_Color,D,1
AHMK,Orange_Color,E,4
AHMK,Orange_Color,F,8
AHMK,Orange_Color,G,2
AHMK,Orange_Color,H,9
AHMK,Sourness_T,A,3
AHMK,Sourness_T,B,5
AHMK,Sourness_T,C,7
AHMK,Sourness_T,D,5
AHMK,Sourness_T,E,3
AHMK,Sourness_T,F,3
AHMK,Sourness_T,G,6
AHMK,Sourness_T,H,7
AHMK,Sweetness_T,A,5
AHMK,Sweetness_T,B,2
AHMK,Sweetness_T,C,2
AHMK,Sweetness_T,D,2
AHMK,Sweetness_T,E,6
AHMK,Sweetness_T,F,7
AHMK,Sweetness_T,G,3
AHMK,Sweetness_T,H,4
AHMK,Cloying_T,A,6
AHMK,Cloying_T,B,1
AHMK,Cloying_T,C,3
AHMK,Cloying_T,D,2
AHMK,Cloying_T,E,5
AHMK,Cloying_T,F,7
AHMK,Cloying_T,G,3
AHMK,Cloying_T,H,5
AHMK,Astringensy,A,2
AHMK,Astringensy,B,2
AHMK,Astringensy,C,1
AHMK,Astringensy,D,3
AHMK,Astringensy,E,4
AHMK,Astringensy,F,1
AHMK,Astringensy,G,6
AHMK,Astringensy,H,3
AHMK,Metalic_AF,A,1
AHMK,Metalic_AF,B,1
AHMK,Metalic_AF,C,1
AHMK,Metalic_AF,D,1
AHMK,Metalic_AF,E,6
AHMK,Metalic_AF,F,1
AHMK,Metalic_AF,G,1
AHMK,Metalic_AF,H,1
PCMK,Yellow_color,A,4
PCMK,Yellow_color,B,7
PCMK,Yellow_color,C,1
PCMK,Yellow_color,D,7
PCMK,Yellow_color,E,7
PCMK,Yellow_color,F,4
PCMK,Yellow_color,G,7
PCMK,Yellow_color,H,5
PCMK,Orange_color,A,8
PCMK,Orange_color,B,3
PCMK,Orange_color,C,4
PCMK,Orange_color,D,4
PCMK,Orange_color,E,4
PCMK,Orange_color,F,8
PCMK,Orange_color,G,3
PCMK,Orange_color,H,7
PCMK,Red_color,A,6
PCMK,Red_color,B,1
PCMK,Red_color,C,9
PCMK,Red_color,D,2
PCMK,Red_color,E,3
PCMK,Red_color,F,5
PCMK,Red_color,G,2
PCMK,Red_color,H,3
PCMK,Sweetness_O,A,7
PCMK,Sweetness_O,B,4
PCMK,Sweetness_O,C,2
PCMK,Sweetness_O,D,2
PCMK,Sweetness_O,E,6
PCMK,Sweetness_O,F,7
PCMK,Sweetness_O,G,2
PCMK,Sweetness_O,H,7
PCMK,Sourness_O,A,3
PCMK,Sourness_O,B,4
PCMK,Sourness_O,C,2
PCMK,Sourness_O,D,6
PCMK,Sourness_O,E,3
PCMK,Sourness_O,F,3
PCMK,Sourness_O,G,5
PCMK,Sourness_O,H,3
PCMK,Artificial_O,A,6
PCMK,Artificial_O,B,3
PCMK,Artificial_O,C,3
PCMK,Artificial_O,D,2
PCMK,Artificial_O,E,7
PCMK,Artificial_O,F,8
PCMK,Artificial_O,G,3
PCMK,Artificial_O,H,7
PCMK,Sweetness_T,A,8
PCMK,Sweetness_T,B,6
PCMK,Sweetness_T,C,4
PCMK,Sweetness_T,D,4
PCMK,Sweetness_T,E,7
PCMK,Sweetness_T,F,8
PCMK,Sweetness_T,G,6
PCMK,Sweetness_T,H,8
PCMK,Sourness_T,A,5
PCMK,Sourness_T,B,7
PCMK,Sourness_T,C,7
PCMK,Sourness_T,D,4
PCMK,Sourness_T,E,4
PCMK,Sourness_T,F,4
PCMK,Sourness_T,G,4
PCMK,Sourness_T,H,4
PCMK,Bitterness_T,A,2
PCMK,Bitterness_T,B,4
PCMK,Bitterness_T,C,6
PCMK,Bitterness_T,D,2
PCMK,Bitterness_T,E,6
PCMK,Bitterness_T,F,4
PCMK,Bitterness_T,G,4
PCMK,Bitterness_T,H,3
PCMK,Artificial_T,A,7
PCMK,Artificial_T,B,2
PCMK,Artificial_T,C,4
PCMK,Artificial_T,D,2
PCMK,Artificial_T,E,7
PCMK,Artificial_T,F,8
PCMK,Artificial_T,G,3
PCMK,Artificial_T,H,7
PCMK,Sweetness_AF,A,7
PCMK,Sweetness_AF,B,3
PCMK,Sweetness_AF,C,4
PCMK,Sweetness_AF,D,4
PCMK,Sweetness_AF,E,7
PCMK,Sweetness_AF,F,7
PCMK,Sweetness_AF,G,6
PCMK,Sweetness_AF,H,7
PCMK,Sourness_AF,A,5
PCMK,Sourness_AF,B,3
PCMK,Sourness_AF,C,7
PCMK,Sourness_AF,D,4
PCMK,Sourness_AF,E,4
PCMK,Sourness_AF,F,3
PCMK,Sourness_AF,G,5
PCMK,Sourness_AF,H,3
PCMK,Richness,A,6
PCMK,Richness,B,6
PCMK,Richness,C,5
PCMK,Richness,D,6
PCMK,Richness,E,3
PCMK,Richness,F,4
PCMK,Richness,G,6
PCMK,Richness,H,4
PCMK,Pulp,A,1
PCMK,Pulp,B,7
PCMK,Pulp,C,3
PCMK,Pulp,D,8
PCMK,Pulp,E,1
PCMK,Pulp,F,1
PCMK,Pulp,G,6
PCMK,Pulp,H,1
MJTL,Color_intensity_orange,A,7
MJTL,Color_intensity_orange,B,3
MJTL,Color_intensity_orange,C,3
MJTL,Color_intensity_orange,D,3
MJTL,Color_intensity_orange,E,6
MJTL,Color_intensity_orange,F,7
MJTL,Color_intensity_orange,G,3
MJTL,Color_intensity_orange,H,9
MJTL,Sweetness_O,A,8
MJTL,Sweetness_O,B,6
MJTL,Sweetness_O,C,4
MJTL,Sweetness_O,D,6
MJTL,Sweetness_O,E,6
MJTL,Sweetness_O,F,8
MJTL,Sweetness_O,G,7
MJTL,Sweetness_O,H,8
MJTL,Sourness_O,A,4
MJTL,Sourness_O,B,5
MJTL,Sourness_O,C,5
MJTL,Sourness_O,D,7
MJTL,Sourness_O,E,5
MJTL,Sourness_O,F,2
MJTL,Sourness_O,G,7
MJTL,Sourness_O,H,4
MJTL,Sweetness_T,A,7
MJTL,Sweetness_T,B,7
MJTL,Sweetness_T,C,6
MJTL,Sweetness_T,D,7
MJTL,Sweetness_T,E,7
MJTL,Sweetness_T,F,8
MJTL,Sweetness_T,G,6
MJTL,Sweetness_T,H,8
MJTL,Sourness_T,A,3
MJTL,Sourness_T,B,7
MJTL,Sourness_T,C,8
MJTL,Sourness_T,D,8
MJTL,Sourness_T,E,7
MJTL,Sourness_T,F,2
MJTL,Sourness_T,G,8
MJTL,Sourness_T,H,6
MJTL,Bitterness_T,A,1
MJTL,Bitterness_T,B,6
MJTL,Bitterness_T,C,6
MJTL,Bitterness_T,D,5
MJTL,Bitterness_T,E,6
MJTL,Bitterness_T,F,4
MJTL,Bitterness_T,G,7
MJTL,Bitterness_T,H,5
MJTL,Orange flavor_T,A,3
MJTL,Orange flavor_T,B,6
MJTL,Orange flavor_T,C,6
MJTL,Orange flavor_T,D,7
MJTL,Orange flavor_T,E,6
MJTL,Orange flavor_T,F,4
MJTL,Orange flavor_T,G,6
MJTL,Orange flavor_T,H,5
MJTL,Sweetness_AF,A,7
MJTL,Sweetness_AF,B,5
MJTL,Sweetness_AF,C,5
MJTL,Sweetness_AF,D,6
MJTL,Sweetness_AF,E,6
MJTL,Sweetness_AF,F,8
MJTL,Sweetness_AF,G,6
MJTL,Sweetness_AF,H,7
MJTL,Sourness_AF,A,3
MJTL,Sourness_AF,B,7
MJTL,Sourness_AF,C,7
MJTL,Sourness_AF,D,7
MJTL,Sourness_AF,E,7
MJTL,Sourness_AF,F,2
MJTL,Sourness_AF,G,7
MJTL,Sourness_AF,H,6
MJTL,Duration_AF,A,6
MJTL,Duration_AF,B,6
MJTL,Duration_AF,C,6
MJTL,Duration_AF,D,6
MJTL,Duration_AF,E,7
MJTL,Duration_AF,F,4
MJTL,Duration_AF,G,6
MJTL,Duration_AF,H,5
MJTL,Pulp,A,1
MJTL,Pulp,B,7
MJTL,Pulp,C,5
MJTL,Pulp,D,8
MJTL,Pulp,E,2
MJTL,Pulp,F,1
MJTL,Pulp,G,6
MJTL,Pulp,H,2
EFMA,Sweetness_T,A,8
EFMA,Sweetness_T,B,3
EFMA,Sweetness_T,C,2
EFMA,Sweetness_T,D,4
EFMA,Sweetness_T,E,5
EFMA,Sweetness_T,F,7
EFMA,Sweetness_T,G,5
EFMA,Sweetness_T,H,6
EFMA,Artificial_T,A,7
EFMA,Artificial_T,B,3
EFMA,Artificial_T,C,1
EFMA,Artificial_T,D,1
EFMA,Artificial_T,E,2
EFMA,Artificial_T,F,8
EFMA,Artificial_T,G,1
EFMA,Artificial_T,H,7
EFMA,Sourness_T,A,4
EFMA,Sourness_T,B,7
EFMA,Sourness_T,C,8
EFMA,Sourness_T,D,6
EFMA,Sourness_T,E,7
EFMA,Sourness_T,F,4
EFMA,Sourness_T,G,6
EFMA,Sourness_T,H,6
EFMA,Duration_T,A,6
EFMA,Duration_T,B,6
EFMA,Duration_T,C,4
EFMA,Duration_T,D,6
EFMA,Duration_T,E,5
EFMA,Duration_T,F,8
EFMA,Duration_T,G,6
EFMA,Duration_T,H,7
EFMA,Color_intensity_yellow,A,1
EFMA,Color_intensity_yellow,B,9
EFMA,Color_intensity_yellow,C,1
EFMA,Color_intensity_yellow,D,9
EFMA,Color_intensity_yellow,E,5
EFMA,Color_intensity_yellow,F,1
EFMA,Color_intensity_yellow,G,9
EFMA,Color_intensity_yellow,H,1
EFMA,Color_intensity_orange,A,9
EFMA,Color_intensity_orange,B,1
EFMA,Color_intensity_orange,C,1
EFMA,Color_intensity_orange,D,1
EFMA,Color_intensity_orange,E,5
EFMA,Color_intensity_orange,F,9
EFMA,Color_intensity_orange,G,2
EFMA,Color_intensity_orange,H,9
EFMA,Color_intensity_red,A,1
EFMA,Color_intensity_red,B,1
EFMA,Color_intensity_red,C,9
EFMA,Color_intensity_red,D,1
EFMA,Color_intensity_red,E,1
EFMA,Color_intensity_red,F,1
EFMA,Color_intensity_red,G,1
EFMA,Color_intensity_red,H,1
EFMA,Cooked_T,A,1
EFMA,Cooked_T,B,1
EFMA,Cooked_T,C,1
EFMA,Cooked_T,D,5
EFMA,Cooked_T,E,7
EFMA,Cooked_T,F,1
EFMA,Cooked_T,G,1
EFMA,Cooked_T,H,3
EFMA,Bitterness_T,A,1
EFMA,Bitterness_T,B,2
EFMA,Bitterness_T,C,6
EFMA,Bitterness_T,D,5
EFMA,Bitterness_T,E,2
EFMA,Bitterness_T,F,1
EFMA,Bitterness_T,G,3
EFMA,Bitterness_T,H,2
EFMA,Aged_T,A,2
EFMA,Aged_T,B,2
EFMA,Aged_T,C,1
EFMA,Aged_T,D,2
EFMA,Aged_T,E,7
EFMA,Aged_T,F,1
EFMA,Aged_T,G,1
EFMA,Aged_T,H,1
EFMA,Sourness_AF,A,2
EFMA,Sourness_AF,B,4
EFMA,Sourness_AF,C,7
EFMA,Sourness_AF,D,5
EFMA,Sourness_AF,E,2
EFMA,Sourness_AF,F,1
EFMA,Sourness_AF,G,2
EFMA,Sourness_AF,H,7
EFMA,Turbidity,A,6
EFMA,Turbidity,B,7
EFMA,Turbidity,C,7
EFMA,Turbidity,D,7
EFMA,Turbidity,E,6
EFMA,Turbidity,F,3
EFMA,Turbidity,G,8
EFMA,Turbidity,H,6
EFMA,Fiber_content,A,1
EFMA,Fiber_content,B,2
EFMA,Fiber_content,C,1
EFMA,Fiber_content,D,7
EFMA,Fiber_content,E,1
EFMA,Fiber_content,F,1
EFMA,Fiber_content,G,1
EFMA,Fiber_content,H,1
ES,Yellow_intensity,A,1
ES,Yellow_intensity,B,8
ES,Yellow_intensity,C,1
ES,Yellow_intensity,D,7
ES,Yellow_intensity,E,4
ES,Yellow_intensity,F,3
ES,Yellow_intensity,G,7
ES,Yellow_intensity,H,3
ES,Orange_intensity,A,8
ES,Orange_intensity,B,2
ES,Orange_intensity,C,2
ES,Orange_intensity,D,2
ES,Orange_intensity,E,7
ES,Orange_intensity,F,7
ES,Orange_intensity,G,2
ES,Orange_intensity,H,7
ES,Red_intensity,A,1
ES,Red_intensity,B,1
ES,Red_intensity,C,8
ES,Red_intensity,D,1
ES,Red_intensity,E,1
ES,Red_intensity,F,1
ES,Red_intensity,G,1
ES,Red_intensity,H,1
ES,Sweetness_O,A,7
ES,Sweetness_O,B,2
ES,Sweetness_O,C,1
ES,Sweetness_O,D,3
ES,Sweetness_O,E,2
ES,Sweetness_O,F,6
ES,Sweetness_O,G,2
ES,Sweetness_O,H,6
ES,Artificial_O,A,7
ES,Artificial_O,B,3
ES,Artificial_O,C,3
ES,Artificial_O,D,3
ES,Artificial_O,E,2
ES,Artificial_O,F,7
ES,Artificial_O,G,4
ES,Artificial_O,H,8
ES,Sour_O,A,1
ES,Sour_O,B,5
ES,Sour_O,C,7
ES,Sour_O,D,6
ES,Sour_O,E,4
ES,Sour_O,F,2
ES,Sour_O,G,7
ES,Sour_O,H,1
ES,Sourness_T,A,2
ES,Sourness_T,B,5
ES,Sourness_T,C,7
ES,Sourness_T,D,6
ES,Sourness_T,E,4
ES,Sourness_T,F,3
ES,Sourness_T,G,6
ES,Sourness_T,H,4
ES,Sweetness_T,A,7
ES,Sweetness_T,B,4
ES,Sweetness_T,C,3
ES,Sweetness_T,D,5
ES,Sweetness_T,E,6
ES,Sweetness_T,F,6
ES,Sweetness_T,G,5
ES,Sweetness_T,H,7
ES,Acidity_AF,A,3
ES,Acidity_AF,B,5
ES,Acidity_AF,C,5
ES,Acidity_AF,D,5
ES,Acidity_AF,E,5
ES,Acidity_AF,F,2
ES,Acidity_AF,G,6
ES,Acidity_AF,H,3
ES,Duration_AF,A,2
ES,Duration_AF,B,6
ES,Duration_AF,C,6
ES,Duration_AF,D,6
ES,Duration_AF,E,4
ES,Duration_AF,F,3
ES,Duration_AF,G,6
ES,Duration_AF,H,3
ES,Pulp,A,1
ES,Pulp,B,4
ES,Pulp,C,1
ES,Pulp,D,9
ES,Pulp,E,1
ES,Pulp,F,1
ES,Pulp,G,3
ES,Pulp,H,1
ES,Richness,A,1
ES,Richness,B,5
ES,Richness,C,6
ES,Richness,D,7
ES,Richness,E,2
ES,Richness,F,2
ES,Richness,G,4
ES,Richness,H,1
CAS,Yellow_Intensity,A,4
CAS,Yellow_Intensity,B,8
CAS,Yellow_Intensity,C,1
CAS,Yellow_Intensity,D,8
CAS,Yellow_Intensity,E,7
CAS,Yellow_Intensity,F,5
CAS,Yellow_Intensity,G,8
CAS,Yellow_Intensity,H,4
CAS,Red_Intensity,A,7
CAS,Red_Intensity,B,1
CAS,Red_Intensity,C,8
CAS,Red_Intensity,D,1
CAS,Red_Intensity,E,4
CAS,Red_Intensity,F,5
CAS,Red_Intensity,G,2
CAS,Red_Intensity,H,6
CAS,Orange_O,A,4
CAS,Orange_O,B,8
CAS,Orange_O,C,4
CAS,Orange_O,D,8
CAS,Orange_O,E,6
CAS,Orange_O,F,2
CAS,Orange_O,G,7
CAS,Orange_O,H,2
CAS,Sweetness_O,A,7
CAS,Sweetness_O,B,7
CAS,Sweetness_O,C,3
CAS,Sweetness_O,D,6
CAS,Sweetness_O,E,7
CAS,Sweetness_O,F,8
CAS,Sweetness_O,G,7
CAS,Sweetness_O,H,8
CAS,Artificial_O,A,4
CAS,Artificial_O,B,3
CAS,Artificial_O,C,4
CAS,Artificial_O,D,1
CAS,Artificial_O,E,7
CAS,Artificial_O,F,7
CAS,Artificial_O,G,3
CAS,Artificial_O,H,8
CAS,Sourness_T,A,7
CAS,Sourness_T,B,7
CAS,Sourness_T,C,7
CAS,Sourness_T,D,5
CAS,Sourness_T,E,8
CAS,Sourness_T,F,1
CAS,Sourness_T,G,7
CAS,Sourness_T,H,3
CAS,Sweetness_T,A,5
CAS,Sweetness_T,B,7
CAS,Sweetness_T,C,6
CAS,Sweetness_T,D,6
CAS,Sweetness_T,E,4
CAS,Sweetness_T,F,8
CAS,Sweetness_T,G,5
CAS,Sweetness_T,H,9
CAS,Bitterness_T,A,6
CAS,Bitterness_T,B,2
CAS,Bitterness_T,C,3
CAS,Bitterness_T,D,2
CAS,Bitterness_T,E,6
CAS,Bitterness_T,F,1
CAS,Bitterness_T,G,6
CAS,Bitterness_T,H,1
CAS,Artificial_T,A,5
CAS,Artificial_T,B,2
CAS,Artificial_T,C,2
CAS,Artificial_T,D,1
CAS,Artificial_T,E,7
CAS,Artificial_T,F,7
CAS,Artificial_T,G,5
CAS,Artificial_T,H,8
CAS,Orange_T,A,4
CAS,Orange_T,B,8
CAS,Orange_T,C,7
CAS,Orange_T,D,8
CAS,Orange_T,E,5
CAS,Orange_T,F,2
CAS,Orange_T,G,5
CAS,Orange_T,H,5
CAS,Pulp,A,1
CAS,Pulp,B,8
CAS,Pulp,C,1
CAS,Pulp,D,9
CAS,Pulp,E,1
CAS,Pulp,F,1
CAS,Pulp,G,1
CAS,Pulp,H,1
RSS,Orange_Intensity,A,8
RSS,Orange_Intensity,B,2
RSS,Orange_Intensity,C,1
RSS,Orange_Intensity,D,3
RSS,Orange_Intensity,E,2
RSS,Orange_Intensity,F,8
RSS,Orange_Intensity,G,4
RSS,Orange_Intensity,H,8
RSS,Sweetness_O,A,9
RSS,Sweetness_O,B,7
RSS,Sweetness_O,C,4
RSS,Sweetness_O,D,8
RSS,Sweetness_O,E,3
RSS,Sweetness_O,F,7
RSS,Sweetness_O,G,4
RSS,Sweetness_O,H,8
RSS,Sweetness_T,A,9
RSS,Sweetness_T,B,8
RSS,Sweetness_T,C,5
RSS,Sweetness_T,D,5
RSS,Sweetness_T,E,3
RSS,Sweetness_T,F,7
RSS,Sweetness_T,G,7
RSS,Sweetness_T,H,8
RSS,Sourness_T,A,1
RSS,Sourness_T,B,8
RSS,Sourness_T,C,8
RSS,Sourness_T,D,9
RSS,Sourness_T,E,9
RSS,Sourness_T,F,2
RSS,Sourness_T,G,2
RSS,Sourness_T,H,7
RSS,Orange_T,A,2
RSS,Orange_T,B,9
RSS,Orange_T,C,2
RSS,Orange_T,D,7
RSS,Orange_T,E,2
RSS,Orange_T,F,2
RSS,Orange_T,G,8
RSS,Orange_T,H,5
RSS,Astringency_AF,A,1
RSS,Astringency_AF,B,8
RSS,Astringency_AF,C,8
RSS,Astringency_AF,D,7
RSS,Astringency_AF,E,4
RSS,Astringency_AF,F,6
RSS,Astringency_AF,G,5
RSS,Astringency_AF,H,3
RSS,Pulp,A,1
RSS,Pulp,B,9
RSS,Pulp,C,6
RSS,Pulp,D,8
RSS,Pulp,E,1
RSS,Pulp,F,1
RSS,Pulp,G,7
RSS,Pulp,H,1
MS,Color_Intensity,A,4
MS,Color_Intensity,B,7
MS,Color_Intensity,C,8
MS,Color_Intensity,D,7
MS,Color_Intensity,E,2
MS,Color_Intensity,F,3
MS,Color_Intensity,G,7
MS,Color_Intensity,H,6
MS,Sourness_O,A,2
MS,Sourness_O,B,7
MS,Sourness_O,C,7
MS,Sourness_O,D,6
MS,Sourness_O,E,5
MS,Sourness_O,F,2
MS,Sourness_O,G,7
MS,Sourness_O,H,3
MS,Artificial_O,A,6
MS,Artificial_O,B,6
MS,Artificial_O,C,3
MS,Artificial_O,D,2
MS,Artificial_O,E,7
MS,Artificial_O,F,8
MS,Artificial_O,G,5
MS,Artificial_O,H,7
MS,Artificial_T,A,7
MS,Artificial_T,B,3
MS,Artificial_T,C,2
MS,Artificial_T,D,6
MS,Artificial_T,E,5
MS,Artificial_T,F,8
MS,Artificial_T,G,7
MS,Artificial_T,H,5
MS,Sourness_T,A,3
MS,Sourness_T,B,4
MS,Sourness_T,C,8
MS,Sourness_T,D,5
MS,Sourness_T,E,3
MS,Sourness_T,F,3
MS,Sourness_T,G,5
MS,Sourness_T,H,5
MS,Sweetness_T,A,8
MS,Sweetness_T,B,7
MS,Sweetness_T,C,3
MS,Sweetness_T,D,7
MS,Sweetness_T,E,7
MS,Sweetness_T,F,8
MS,Sweetness_T,G,7
MS,Sweetness_T,H,8
MS,Bitterness_T,A,2
MS,Bitterness_T,B,4
MS,Bitterness_T,C,3
MS,Bitterness_T,D,6
MS,Bitterness_T,E,2
MS,Bitterness_T,F,2
MS,Bitterness_T,G,6
MS,Bitterness_T,H,5
MS,Aftertaste,A,5
MS,Aftertaste,B,3
MS,Aftertaste,C,4
MS,Aftertaste,D,3
MS,Aftertaste,E,6
MS,Aftertaste,F,7
MS,Aftertaste,G,7
MS,Aftertaste,H,4
MS,Richness,A,3
MS,Richness,B,7
MS,Richness,C,5
MS,Richness,D,7
MS,Richness,E,5
MS,Richness,F,4
MS,Richness,G,6
MS,Richness,H,3
MS,Pulp,A,1
MS,Pulp,B,8
MS,Pulp,C,2
MS,Pulp,D,9
MS,Pulp,E,1
MS,Pulp,F,1
MS,Pulp,G,3
MS,Pulp,H,1
BTW,Sourness_O,A,5
BTW,Sourness_O,B,8
BTW,Sourness_O,C,7
BTW,Sourness_O,D,8
BTW,Sourness_O,E,7
BTW,Sourness_O,F,2
BTW,Sourness_O,G,8
BTW,Sourness_O,H,2
BTW,Bitterness_T,A,2
BTW,Bitterness_T,B,4
BTW,Bitterness_T,C,5
BTW,Bitterness_T,D,3
BTW,Bitterness_T,E,5
BTW,Bitterness_T,F,2
BTW,Bitterness_T,G,3
BTW,Bitterness_T,H,2
BTW,Aftertaste,A,3
BTW,Aftertaste,B,2
BTW,Aftertaste,C,3
BTW,Aftertaste,D,3
BTW,Aftertaste,E,3
BTW,Aftertaste,F,3
BTW,Aftertaste,G,3
BTW,Aftertaste,H,2
BTW,Artificial_T,A,9
BTW,Artificial_T,B,4
BTW,Artificial_T,C,3
BTW,Artificial_T,D,3
BTW,Artificial_T,E,6
BTW,Artificial_T,F,7
BTW,Artificial_T,G,4
BTW,Artificial_T,H,6
SJW,Hue,A,7
SJW,Hue,B,3
SJW,Hue,C,8
SJW,Hue,D,3
SJW,Hue,E,5
SJW,Hue,F,6
SJW,Hue,G,4
SJW,Hue,H,6
SJW,Sweetness_O,A,7
SJW,Sweetness_O,B,4
SJW,Sweetness_O,C,6
SJW,Sweetness_O,D,2
SJW,Sweetness_O,E,6
SJW,Sweetness_O,F,7
SJW,Sweetness_O,G,4
SJW,Sweetness_O,H,4
SJW,Sweetness_T,A,8
SJW,Sweetness_T,B,4
SJW,Sweetness_T,C,3
SJW,Sweetness_T,D,4
SJW,Sweetness_T,E,8
SJW,Sweetness_T,F,8
SJW,Sweetness_T,G,6
SJW,Sweetness_T,H,7
SJW,Sourness_T,A,1
SJW,Sourness_T,B,6
SJW,Sourness_T,C,8
SJW,Sourness_T,D,6
SJW,Sourness_T,E,1
SJW,Sourness_T,F,1
SJW,Sourness_T,G,6
SJW,Sourness_T,H,3
SJW,Bitterness_T,A,1
SJW,Bitterness_T,B,6
SJW,Bitterness_T,C,3
SJW,Bitterness_T,D,4
SJW,Bitterness_T,E,1
SJW,Bitterness_T,F,1
SJW,Bitterness_T,G,5
SJW,Bitterness_T,H,2
SJW,Orange_T,A,3
SJW,Orange_T,B,6
SJW,Orange_T,C,4
SJW,Orange_T,D,7
SJW,Orange_T,E,3
SJW,Orange_T,F,2
SJW,Orange_T,G,5
SJW,Orange_T,H,3
SJW,Duration_AF,A,4
SJW,Duration_AF,B,7
SJW,Duration_AF,C,7
SJW,Duration_AF,D,6
SJW,Duration_AF,E,7
SJW,Duration_AF,F,4
SJW,Duration_AF,G,7
SJW,Duration_AF,H,6
SJW,Richness,A,4
SJW,Richness,B,7
SJW,Richness,C,6
SJW,Richness,D,8
SJW,Richness,E,3
SJW,Richness,F,2
SJW,Richness,G,6
SJW,Richness,H,4
BTW,Liking,A,2
BTW,Liking,B,7
BTW,Liking,C,4
BTW,Liking,D,3
BTW,Liking,E,7
BTW,Liking,F,6
BTW,Liking,G,1
BTW,Liking,H,9
NLB,Liking,A,7
NLB,Liking,B,6
NLB,Liking,C,2
NLB,Liking,D,8
NLB,Liking,E,7
NLB,Liking,F,5
NLB,Liking,G,6
NLB,Liking,H,7
SLB,Liking,A,1
SLB,Liking,B,8
SLB,Liking,C,6
SLB,Liking,D,7
SLB,Liking,E,3
SLB,Liking,F,1
SLB,Liking,G,6
SLB,Liking,H,1
LB,Liking,A,2
LB,Liking,B,7
LB,Liking,C,6
LB,Liking,D,9
LB,Liking,E,2
LB,Liking,F,3
LB,Liking,G,1
LB,Liking,H,5
SC,Liking,A,1
SC,Liking,B,7
SC,Liking,C,1
SC,Liking,D,7
SC,Liking,E,1
SC,Liking,F,1
SC,Liking,G,8
SC,Liking,H,2
SD,Liking,A,6
SD,Liking,B,6
SD,Liking,C,2
SD,Liking,D,3
SD,Liking,E,3
SD,Liking,F,1
SD,Liking,G,7
SD,Liking,H,4
SLPF,Liking,A,6
SLPF,Liking,B,3
SLPF,Liking,C,1
SLPF,Liking,D,1
SLPF,Liking,E,7
SLPF,Liking,F,2
SLPF,Liking,G,5
SLPF,Liking,H,1
REJ,Liking,A,3
REJ,Liking,B,7
REJ,Liking,C,1
REJ,Liking,D,8
REJ,Liking,E,3
REJ,Liking,F,1
REJ,Liking,G,7
REJ,Liking,H,4
AHMK,Liking,A,3
AHMK,Liking,B,5
AHMK,Liking,C,6
AHMK,Liking,D,5
AHMK,Liking,E,1
AHMK,Liking,F,2
AHMK,Liking,G,5
AHMK,Liking,H,3
PCMK,Liking,A,5
PCMK,Liking,B,6
PCMK,Liking,C,3
PCMK,Liking,D,7
PCMK,Liking,E,2
PCMK,Liking,F,2
PCMK,Liking,G,8
PCMK,Liking,H,3
MJTL,Liking,A,6
MJTL,Liking,B,7
MJTL,Liking,C,7
MJTL,Liking,D,9
MJTL,Liking,E,7
MJTL,Liking,F,4
MJTL,Liking,G,7
MJTL,Liking,H,8
EFMA,Liking,A,1
EFMA,Liking,B,8
EFMA,Liking,C,2
EFMA,Liking,D,5
EFMA,Liking,E,3
EFMA,Liking,F,1
EFMA,Liking,G,6
EFMA,Liking,H,1
ES,Liking,A,3
ES,Liking,B,6
ES,Liking,C,7
ES,Liking,D,5
ES,Liking,E,3
ES,Liking,F,2
ES,Liking,G,6
ES,Liking,H,3
CAS,Liking,A,5
CAS,Liking,B,8
CAS,Liking,C,3
CAS,Liking,D,7
CAS,Liking,E,7
CAS,Liking,F,8
CAS,Liking,G,6
CAS,Liking,H,2
RSS,Liking,A,6
RSS,Liking,B,8
RSS,Liking,C,4
RSS,Liking,D,8
RSS,Liking,E,5
RSS,Liking,F,1
RSS,Liking,G,8
RSS,Liking,H,1
MS,Liking,A,6
MS,Liking,B,8
MS,Liking,C,4
MS,Liking,D,8
MS,Liking,E,6
MS,Liking,F,5
MS,Liking,G,6
MS,Liking,H,7
SJW,Liking,A,2
SJW,Liking,B,7
SJW,Liking,C,6
SJW,Liking,D,8
SJW,Liking,E,3
SJW,Liking,F,2
SJW,Liking,G,7
SJW,Liking,H,3
