Consumer,Perfume,Liking
171,Angel,3
171,Aromatics Elixir,3
171,Chanel N5,7
171,Cinema,6
171,Coco Mademoiselle,6
171,J'adore EP,5
171,J'adore ET,6
171,L'instant,3
171,Lolita Lempicka,3
171,Pleasures,5
171,Pure Poison,6
171,Shalimar,3
553,Angel,3
553,Aromatics Elixir,5
553,Chanel N5,1
553,Cinema,4
553,Coco Mademoiselle,7
553,J'adore EP,8
553,J'adore ET,6
553,L'instant,4
553,Lolita Lempicka,3
553,Pleasures,6
553,Pure Poison,5
553,Shalimar,3
991,Angel,7
991,Aromatics Elixir,6
991,Chanel N5,8
991,Cinema,6
991,Coco Mademoiselle,7
991,J'adore EP,7
991,J'adore ET,8
991,L'instant,9
991,Lolita Lempicka,6
991,Pleasures,8
991,Pure Poison,7
991,Shalimar,6
1344,Angel,5
1344,Aromatics Elixir,6
1344,Chanel N5,8
1344,Cinema,8
1344,Coco Mademoiselle,6
1344,J'adore EP,9
1344,J'adore ET,7
1344,L'instant,6
1344,Lolita Lempicka,8
1344,Pleasures,7
1344,Pure Poison,7
1344,Shalimar,8
1661,Angel,5
1661,Aromatics Elixir,4
1661,Chanel N5,1
1661,Cinema,7
1661,Coco Mademoiselle,5
1661,J'adore EP,5
1661,J'adore ET,7
1661,L'instant,7
1661,Lolita Lempicka,7
1661,Pleasures,7
1661,Pure Poison,6
1661,Shalimar,3
1679,Angel,5
1679,Aromatics Elixir,4
1679,Chanel N5,5
1679,Cinema,6
1679,Coco Mademoiselle,5
1679,J'adore EP,6
1679,J'adore ET,5
1679,L'instant,3
1679,Lolita Lempicka,5
1679,Pleasures,7
1679,Pure Poison,5
1679,Shalimar,2
1755,Angel,9
1755,Aromatics Elixir,9
1755,Chanel N5,8
1755,Cinema,6
1755,Coco Mademoiselle,8
1755,J'adore EP,6
1755,J'adore ET,6
1755,L'instant,9
1755,Lolita Lempicka,8
1755,Pleasures,8
1755,Pure Poison,9
1755,Shalimar,9
1761,Angel,4
1761,Aromatics Elixir,6
1761,Chanel N5,5
1761,Cinema,5
1761,Coco Mademoiselle,5
1761,J'adore EP,6
1761,J'adore ET,7
1761,L'instant,7
1761,Lolita Lempicka,5
1761,Pleasures,6
1761,Pure Poison,5
1761,Shalimar,4
1801,Angel,6
1801,Aromatics Elixir,1
1801,Chanel N5,6
1801,Cinema,6
1801,Coco Mademoiselle,6
1801,J'adore EP,7
1801,J'adore ET,6
1801,L'instant,1
1801,Lolita Lempicka,5
1801,Pleasures,7
1801,Pure Poison,7
1801,Shalimar,4
1956,Angel,3
1956,Aromatics Elixir,5
1956,Chanel N5,6
1956,Cinema,7
1956,Coco Mademoiselle,7
1956,J'adore EP,7
1956,J'adore ET,7
1956,L'instant,5
1956,Lolita Lempicka,8
1956,Pleasures,6
1956,Pure Poison,5
1956,Shalimar,7
2119,Angel,5
2119,Aromatics Elixir,5
2119,Chanel N5,6
2119,Cinema,6
2119,Coco Mademoiselle,8
2119,J'adore EP,7
2119,J'adore ET,8
2119,L'instant,7
2119,Lolita Lempicka,7
2119,Pleasures,7
2119,Pure Poison,7
2119,Shalimar,5
2529,Angel,2
2529,Aromatics Elixir,1
2529,Chanel N5,6
2529,Cinema,4
2529,Coco Mademoiselle,7
2529,J'adore EP,7
2529,J'adore ET,6
2529,L'instant,7
2529,Lolita Lempicka,5
2529,Pleasures,6
2529,Pure Poison,6
2529,Shalimar,3
2909,Angel,2
2909,Aromatics Elixir,5
2909,Chanel N5,7
2909,Cinema,6
2909,Coco Mademoiselle,7
2909,J'adore EP,6
2909,J'adore ET,6
2909,L'instant,6
2909,Lolita Lempicka,5
2909,Pleasures,4
2909,Pure Poison,7
2909,Shalimar,7
2936,Angel,3
2936,Aromatics Elixir,5
2936,Chanel N5,3
2936,Cinema,9
2936,Coco Mademoiselle,7
2936,J'adore EP,7
2936,J'adore ET,6
2936,L'instant,6
2936,Lolita Lempicka,4
2936,Pleasures,8
2936,Pure Poison,6
2936,Shalimar,2
2996,Angel,5
2996,Aromatics Elixir,6
2996,Chanel N5,7
2996,Cinema,6
2996,Coco Mademoiselle,5
2996,J'adore EP,7
2996,J'adore ET,6
2996,L'instant,5
2996,Lolita Lempicka,5
2996,Pleasures,6
2996,Pure Poison,7
2996,Shalimar,4
3242,Angel,5
3242,Aromatics Elixir,1
3242,Chanel N5,3
3242,Cinema,5
3242,Coco Mademoiselle,8
3242,J'adore EP,7
3242,J'adore ET,7
3242,L'instant,7
3242,Lolita Lempicka,7
3242,Pleasures,5
3242,Pure Poison,7
3242,Shalimar,3
3371,Angel,1
3371,Aromatics Elixir,2
3371,Chanel N5,7
3371,Cinema,9
3371,Coco Mademoiselle,6
3371,J'adore EP,8
3371,J'adore ET,8
3371,L'instant,7
3371,Lolita Lempicka,8
3371,Pleasures,9
3371,Pure Poison,4
3371,Shalimar,5
3541,Angel,3
3541,Aromatics Elixir,3
3541,Chanel N5,4
3541,Cinema,8
3541,Coco Mademoiselle,9
3541,J'adore EP,8
3541,J'adore ET,6
3541,L'instant,5
3541,Lolita Lempicka,7
3541,Pleasures,6
3541,Pure Poison,6
3541,Shalimar,5
3670,Angel,7
3670,Aromatics Elixir,4
3670,Chanel N5,7
3670,Cinema,6
3670,Coco Mademoiselle,5
3670,J'adore EP,8
3670,J'adore ET,5
3670,L'instant,8
3670,Lolita Lempicka,8
3670,Pleasures,5
3670,Pure Poison,6
3670,Shalimar,6
3763,Angel,4
3763,Aromatics Elixir,6
3763,Chanel N5,6
3763,Cinema,5
3763,Coco Mademoiselle,6
3763,J'adore EP,8
3763,J'adore ET,8
3763,L'instant,6
3763,Lolita Lempicka,6
3763,Pleasures,6
3763,Pure Poison,6
3763,Shalimar,6
3764,Angel,4
3764,Aromatics Elixir,5
3764,Chanel N5,5
3764,Cinema,5
3764,Coco Mademoiselle,6
3764,J'adore EP,6
3764,J'adore ET,6
3764,L'instant,4
3764,Lolita Lempicka,6
3764,Pleasures,6
3764,Pure Poison,5
3764,Shalimar,4
4164,Angel,6
4164,Aromatics Elixir,8
4164,Chanel N5,6
4164,Cinema,7
4164,Coco Mademoiselle,8
4164,J'adore EP,7
4164,J'adore ET,7
4164,L'instant,6
4164,Lolita Lempicka,5
4164,Pleasures,8
4164,Pure Poison,7
4164,Shalimar,5
4238,Angel,3
4238,Aromatics Elixir,4
4238,Chanel N5,7
4238,Cinema,4
4238,Coco Mademoiselle,6
4238,J'adore EP,4
4238,J'adore ET,6
4238,L'instant,3
4238,Lolita Lempicka,3
4238,Pleasures,2
4238,Pure Poison,7
4238,Shalimar,3
4529,Angel,9
4529,Aromatics Elixir,3
4529,Chanel N5,3
4529,Cinema,7
4529,Coco Mademoiselle,7
4529,J'adore EP,8
4529,J'adore ET,7
4529,L'instant,3
4529,Lolita Lempicka,8
4529,Pleasures,2
4529,Pure Poison,8
4529,Shalimar,6
4640,Angel,8
4640,Aromatics Elixir,8
4640,Chanel N5,8
4640,Cinema,8
4640,Coco Mademoiselle,7
4640,J'adore EP,8
4640,J'adore ET,7
4640,L'instant,9
4640,Lolita Lempicka,7
4640,Pleasures,7
4640,Pure Poison,8
4640,Shalimar,8
5014,Angel,5
5014,Aromatics Elixir,2
5014,Chanel N5,3
5014,Cinema,5
5014,Coco Mademoiselle,8
5014,J'adore EP,8
5014,J'adore ET,7
5014,L'instant,4
5014,Lolita Lempicka,6
5014,Pleasures,7
5014,Pure Poison,7
5014,Shalimar,4
5582,Angel,2
5582,Aromatics Elixir,4
5582,Chanel N5,5
5582,Cinema,8
5582,Coco Mademoiselle,7
5582,J'adore EP,9
5582,J'adore ET,9
5582,L'instant,5
5582,Lolita Lempicka,6
5582,Pleasures,7
5582,Pure Poison,8
5582,Shalimar,3
6584,Angel,8
6584,Aromatics Elixir,6
6584,Chanel N5,6
6584,Cinema,8
6584,Coco Mademoiselle,8
6584,J'adore EP,7
6584,J'adore ET,7
6584,L'instant,6
6584,Lolita Lempicka,8
6584,Pleasures,7
6584,Pure Poison,8
6584,Shalimar,6
6637,Angel,8
6637,Aromatics Elixir,3
6637,Chanel N5,8
6637,Cinema,3
6637,Coco Mademoiselle,4
6637,J'adore EP,4
6637,J'adore ET,5
6637,L'instant,6
6637,Lolita Lempicka,7
6637,Pleasures,5
6637,Pure Poison,8
6637,Shalimar,6
6667,Angel,8
6667,Aromatics Elixir,4
6667,Chanel N5,5
6667,Cinema,6
6667,Coco Mademoiselle,8
6667,J'adore EP,8
6667,J'adore ET,7
6667,L'instant,6
6667,Lolita Lempicka,7
6667,Pleasures,5
6667,Pure Poison,6
6667,Shalimar,3
6695,Angel,7
6695,Aromatics Elixir,6
6695,Chanel N5,6
6695,Cinema,5
6695,Coco Mademoiselle,6
6695,J'adore EP,9
6695,J'adore ET,7
6695,L'instant,7
6695,Lolita Lempicka,5
6695,Pleasures,9
6695,Pure Poison,7
6695,Shalimar,3
6889,Angel,7
6889,Aromatics Elixir,4
6889,Chanel N5,8
6889,Cinema,7
6889,Coco Mademoiselle,6
6889,J'adore EP,5
6889,J'adore ET,8
6889,L'instant,6
6889,Lolita Lempicka,5
6889,Pleasures,3
6889,Pure Poison,3
6889,Shalimar,8
6931,Angel,5
6931,Aromatics Elixir,5
6931,Chanel N5,7
6931,Cinema,5
6931,Coco Mademoiselle,8
6931,J'adore EP,7
6931,J'adore ET,7
6931,L'instant,8
6931,Lolita Lempicka,4
6931,Pleasures,6
6931,Pure Poison,5
6931,Shalimar,6
6940,Angel,5
6940,Aromatics Elixir,4
6940,Chanel N5,6
6940,Cinema,8
6940,Coco Mademoiselle,7
6940,J'adore EP,7
6940,J'adore ET,7
6940,L'instant,8
6940,Lolita Lempicka,7
6940,Pleasures,6
6940,Pure Poison,6
6940,Shalimar,5
7622,Angel,1
7622,Aromatics Elixir,1
7622,Chanel N5,4
7622,Cinema,5
7622,Coco Mademoiselle,7
7622,J'adore EP,6
7622,J'adore ET,8
7622,L'instant,7
7622,Lolita Lempicka,6
7622,Pleasures,2
7622,Pure Poison,8
7622,Shalimar,1
7679,Angel,5
7679,Aromatics Elixir,5
7679,Chanel N5,5
7679,Cinema,7
7679,Coco Mademoiselle,6
7679,J'adore EP,5
7679,J'adore ET,6
7679,L'instant,6
7679,Lolita Lempicka,5
7679,Pleasures,6
7679,Pure Poison,5
7679,Shalimar,4
7797,Angel,8
7797,Aromatics Elixir,6
7797,Chanel N5,7
7797,Cinema,8
7797,Coco Mademoiselle,5
7797,J'adore EP,3
7797,J'adore ET,2
7797,L'instant,8
7797,Lolita Lempicka,6
7797,Pleasures,7
7797,Pure Poison,4
7797,Shalimar,6
8096,Angel,6
8096,Aromatics Elixir,3
8096,Chanel N5,1
8096,Cinema,6
8096,Coco Mademoiselle,8
8096,J'adore EP,5
8096,J'adore ET,8
8096,L'instant,8
8096,Lolita Lempicka,4
8096,Pleasures,6
8096,Pure Poison,7
8096,Shalimar,4
8118,Angel,5
8118,Aromatics Elixir,7
8118,Chanel N5,7
8118,Cinema,7
8118,Coco Mademoiselle,7
8118,J'adore EP,6
8118,J'adore ET,6
8118,L'instant,6
8118,Lolita Lempicka,8
8118,Pleasures,8
8118,Pure Poison,8
8118,Shalimar,6
8124,Angel,6
8124,Aromatics Elixir,7
8124,Chanel N5,6
8124,Cinema,7
8124,Coco Mademoiselle,7
8124,J'adore EP,7
8124,J'adore ET,6
8124,L'instant,7
8124,Lolita Lempicka,7
8124,Pleasures,6
8124,Pure Poison,5
8124,Shalimar,8
8300,Angel,8
8300,Aromatics Elixir,7
8300,Chanel N5,5
8300,Cinema,7
8300,Coco Mademoiselle,7
8300,J'adore EP,7
8300,J'adore ET,7
8300,L'instant,7
8300,Lolita Lempicka,6
8300,Pleasures,6
8300,Pure Poison,8
8300,Shalimar,5
8588,Angel,2
8588,Aromatics Elixir,1
8588,Chanel N5,1
8588,Cinema,7
8588,Coco Mademoiselle,9
8588,J'adore EP,9
8588,J'adore ET,9
8588,L'instant,2
8588,Lolita Lempicka,4
8588,Pleasures,6
8588,Pure Poison,7
8588,Shalimar,1
8840,Angel,1
8840,Aromatics Elixir,1
8840,Chanel N5,1
8840,Cinema,6
8840,Coco Mademoiselle,2
8840,J'adore EP,7
8840,J'adore ET,7
8840,L'instant,1
8840,Lolita Lempicka,1
8840,Pleasures,5
8840,Pure Poison,8
8840,Shalimar,1
9373,Angel,3
9373,Aromatics Elixir,7
9373,Chanel N5,7
9373,Cinema,5
9373,Coco Mademoiselle,6
9373,J'adore EP,8
9373,J'adore ET,7
9373,L'instant,6
9373,Lolita Lempicka,7
9373,Pleasures,7
9373,Pure Poison,3
9373,Shalimar,5
9492,Angel,1
9492,Aromatics Elixir,2
9492,Chanel N5,7
9492,Cinema,7
9492,Coco Mademoiselle,6
9492,J'adore EP,7
9492,J'adore ET,6
9492,L'instant,7
9492,Lolita Lempicka,3
9492,Pleasures,6
9492,Pure Poison,6
9492,Shalimar,1
9589,Angel,6
9589,Aromatics Elixir,4
9589,Chanel N5,4
9589,Cinema,8
9589,Coco Mademoiselle,5
9589,J'adore EP,7
9589,J'adore ET,6
9589,L'instant,6
9589,Lolita Lempicka,4
9589,Pleasures,5
9589,Pure Poison,5
9589,Shalimar,3
9623,Angel,6
9623,Aromatics Elixir,4
9623,Chanel N5,8
9623,Cinema,7
9623,Coco Mademoiselle,7
9623,J'adore EP,8
9623,J'adore ET,8
9623,L'instant,7
9623,Lolita Lempicka,7
9623,Pleasures,7
9623,Pure Poison,4
9623,Shalimar,6
9651,Angel,5
9651,Aromatics Elixir,7
9651,Chanel N5,6
9651,Cinema,7
9651,Coco Mademoiselle,7
9651,J'adore EP,7
9651,J'adore ET,7
9651,L'instant,8
9651,Lolita Lempicka,6
9651,Pleasures,7
9651,Pure Poison,8
9651,Shalimar,7
9772,Angel,4
9772,Aromatics Elixir,5
9772,Chanel N5,8
9772,Cinema,7
9772,Coco Mademoiselle,4
9772,J'adore EP,8
9772,J'adore ET,8
9772,L'instant,5
9772,Lolita Lempicka,5
9772,Pleasures,6
9772,Pure Poison,6
9772,Shalimar,7
9775,Angel,3
9775,Aromatics Elixir,1
9775,Chanel N5,5
9775,Cinema,6
9775,Coco Mademoiselle,9
9775,J'adore EP,9
9775,J'adore ET,8
9775,L'instant,8
9775,Lolita Lempicka,6
9775,Pleasures,6
9775,Pure Poison,7
9775,Shalimar,4
9821,Angel,7
9821,Aromatics Elixir,7
9821,Chanel N5,7
9821,Cinema,7
9821,Coco Mademoiselle,7
9821,J'adore EP,7
9821,J'adore ET,7
9821,L'instant,5
9821,Lolita Lempicka,3
9821,Pleasures,7
9821,Pure Poison,7
9821,Shalimar,2
9858,Angel,7
9858,Aromatics Elixir,2
9858,Chanel N5,6
9858,Cinema,7
9858,Coco Mademoiselle,7
9858,J'adore EP,5
9858,J'adore ET,5
9858,L'instant,7
9858,Lolita Lempicka,7
9858,Pleasures,4
9858,Pure Poison,7
9858,Shalimar,5
9872,Angel,2
9872,Aromatics Elixir,2
9872,Chanel N5,1
9872,Cinema,8
9872,Coco Mademoiselle,7
9872,J'adore EP,6
9872,J'adore ET,6
9872,L'instant,4
9872,Lolita Lempicka,5
9872,Pleasures,8
9872,Pure Poison,7
9872,Shalimar,1
10147,Angel,7
10147,Aromatics Elixir,5
10147,Chanel N5,8
10147,Cinema,7
10147,Coco Mademoiselle,6
10147,J'adore EP,8
10147,J'adore ET,7
10147,L'instant,9
10147,Lolita Lempicka,8
10147,Pleasures,8
10147,Pure Poison,8
10147,Shalimar,8
10409,Angel,8
10409,Aromatics Elixir,7
10409,Chanel N5,6
10409,Cinema,6
10409,Coco Mademoiselle,7
10409,J'adore EP,7
10409,J'adore ET,7
10409,L'instant,8
10409,Lolita Lempicka,7
10409,Pleasures,7
10409,Pure Poison,7
10409,Shalimar,7
10639,Angel,7
10639,Aromatics Elixir,5
10639,Chanel N5,5
10639,Cinema,7
10639,Coco Mademoiselle,7
10639,J'adore EP,5
10639,J'adore ET,5
10639,L'instant,7
10639,Lolita Lempicka,7
10639,Pleasures,4
10639,Pure Poison,7
10639,Shalimar,5
10815,Angel,3
10815,Aromatics Elixir,2
10815,Chanel N5,5
10815,Cinema,8
10815,Coco Mademoiselle,7
10815,J'adore EP,7
10815,J'adore ET,7
10815,L'instant,5
10815,Lolita Lempicka,4
10815,Pleasures,5
10815,Pure Poison,7
10815,Shalimar,3
10835,Angel,4
10835,Aromatics Elixir,7
10835,Chanel N5,5
10835,Cinema,5
10835,Coco Mademoiselle,6
10835,J'adore EP,7
10835,J'adore ET,7
10835,L'instant,5
10835,Lolita Lempicka,8
10835,Pleasures,4
10835,Pure Poison,8
10835,Shalimar,5
10967,Angel,2
10967,Aromatics Elixir,5
10967,Chanel N5,6
10967,Cinema,4
10967,Coco Mademoiselle,7
10967,J'adore EP,7
10967,J'adore ET,7
10967,L'instant,4
10967,Lolita Lempicka,8
10967,Pleasures,4
10967,Pure Poison,3
10967,Shalimar,4
11074,Angel,1
11074,Aromatics Elixir,1
11074,Chanel N5,3
11074,Cinema,8
11074,Coco Mademoiselle,7
11074,J'adore EP,6
11074,J'adore ET,4
11074,L'instant,8
11074,Lolita Lempicka,1
11074,Pleasures,7
11074,Pure Poison,6
11074,Shalimar,1
11169,Angel,6
11169,Aromatics Elixir,6
11169,Chanel N5,8
11169,Cinema,6
11169,Coco Mademoiselle,7
11169,J'adore EP,4
11169,J'adore ET,5
11169,L'instant,6
11169,Lolita Lempicka,3
11169,Pleasures,3
11169,Pure Poison,6
11169,Shalimar,5
11174,Angel,3
11174,Aromatics Elixir,2
11174,Chanel N5,1
11174,Cinema,6
11174,Coco Mademoiselle,1
11174,J'adore EP,1
11174,J'adore ET,2
11174,L'instant,7
11174,Lolita Lempicka,5
11174,Pleasures,3
11174,Pure Poison,4
11174,Shalimar,1
11215,Angel,6
11215,Aromatics Elixir,4
11215,Chanel N5,6
11215,Cinema,6
11215,Coco Mademoiselle,6
11215,J'adore EP,7
11215,J'adore ET,5
11215,L'instant,3
11215,Lolita Lempicka,4
11215,Pleasures,7
11215,Pure Poison,7
11215,Shalimar,3
11350,Angel,7
11350,Aromatics Elixir,3
11350,Chanel N5,5
11350,Cinema,6
11350,Coco Mademoiselle,7
11350,J'adore EP,6
11350,J'adore ET,7
11350,L'instant,3
11350,Lolita Lempicka,7
11350,Pleasures,6
11350,Pure Poison,7
11350,Shalimar,8
11381,Angel,2
11381,Aromatics Elixir,8
11381,Chanel N5,7
11381,Cinema,4
11381,Coco Mademoiselle,8
11381,J'adore EP,7
11381,J'adore ET,8
11381,L'instant,9
11381,Lolita Lempicka,5
11381,Pleasures,8
11381,Pure Poison,6
11381,Shalimar,3
11531,Angel,6
11531,Aromatics Elixir,6
11531,Chanel N5,6
11531,Cinema,5
11531,Coco Mademoiselle,6
11531,J'adore EP,7
11531,J'adore ET,6
11531,L'instant,6
11531,Lolita Lempicka,6
11531,Pleasures,5
11531,Pure Poison,4
11531,Shalimar,6
11536,Angel,7
11536,Aromatics Elixir,4
11536,Chanel N5,4
11536,Cinema,6
11536,Coco Mademoiselle,6
11536,J'adore EP,7
11536,J'adore ET,6
11536,L'instant,7
11536,Lolita Lempicka,8
11536,Pleasures,7
11536,Pure Poison,5
11536,Shalimar,8
11574,Angel,3
11574,Aromatics Elixir,3
11574,Chanel N5,7
11574,Cinema,7
11574,Coco Mademoiselle,6
11574,J'adore EP,8
11574,J'adore ET,7
11574,L'instant,9
11574,Lolita Lempicka,4
11574,Pleasures,8
11574,Pure Poison,7
11574,Shalimar,3
11677,Angel,7
11677,Aromatics Elixir,3
11677,Chanel N5,6
11677,Cinema,9
11677,Coco Mademoiselle,8
11677,J'adore EP,7
11677,J'adore ET,7
11677,L'instant,4
11677,Lolita Lempicka,8
11677,Pleasures,5
11677,Pure Poison,7
11677,Shalimar,5
11776,Angel,3
11776,Aromatics Elixir,7
11776,Chanel N5,4
11776,Cinema,7
11776,Coco Mademoiselle,7
11776,J'adore EP,7
11776,J'adore ET,7
11776,L'instant,6
11776,Lolita Lempicka,6
11776,Pleasures,5
11776,Pure Poison,6
11776,Shalimar,5
11811,Angel,6
11811,Aromatics Elixir,7
11811,Chanel N5,7
11811,Cinema,8
11811,Coco Mademoiselle,6
11811,J'adore EP,7
11811,J'adore ET,8
11811,L'instant,6
11811,Lolita Lempicka,8
11811,Pleasures,8
11811,Pure Poison,7
11811,Shalimar,4
11947,Angel,3
11947,Aromatics Elixir,3
11947,Chanel N5,1
11947,Cinema,7
11947,Coco Mademoiselle,7
11947,J'adore EP,5
11947,J'adore ET,5
11947,L'instant,6
11947,Lolita Lempicka,6
11947,Pleasures,6
11947,Pure Poison,5
11947,Shalimar,1
12072,Angel,6
12072,Aromatics Elixir,6
12072,Chanel N5,6
12072,Cinema,7
12072,Coco Mademoiselle,7
12072,J'adore EP,6
12072,J'adore ET,7
12072,L'instant,7
12072,Lolita Lempicka,7
12072,Pleasures,7
12072,Pure Poison,7
12072,Shalimar,7
12138,Angel,5
12138,Aromatics Elixir,4
12138,Chanel N5,6
12138,Cinema,5
12138,Coco Mademoiselle,6
12138,J'adore EP,7
12138,J'adore ET,5
12138,L'instant,4
12138,Lolita Lempicka,3
12138,Pleasures,4
12138,Pure Poison,6
12138,Shalimar,4
12244,Angel,4
12244,Aromatics Elixir,6
12244,Chanel N5,3
12244,Cinema,7
12244,Coco Mademoiselle,7
12244,J'adore EP,4
12244,J'adore ET,8
12244,L'instant,6
12244,Lolita Lempicka,6
12244,Pleasures,5
12244,Pure Poison,3
12244,Shalimar,7
12280,Angel,4
12280,Aromatics Elixir,6
12280,Chanel N5,7
12280,Cinema,7
12280,Coco Mademoiselle,5
12280,J'adore EP,4
12280,J'adore ET,4
12280,L'instant,8
12280,Lolita Lempicka,7
12280,Pleasures,4
12280,Pure Poison,7
12280,Shalimar,5
12291,Angel,1
12291,Aromatics Elixir,7
12291,Chanel N5,7
12291,Cinema,9
12291,Coco Mademoiselle,7
12291,J'adore EP,8
12291,J'adore ET,8
12291,L'instant,3
12291,Lolita Lempicka,8
12291,Pleasures,8
12291,Pure Poison,8
12291,Shalimar,3
12292,Angel,2
12292,Aromatics Elixir,7
12292,Chanel N5,7
12292,Cinema,6
12292,Coco Mademoiselle,5
12292,J'adore EP,9
12292,J'adore ET,7
12292,L'instant,6
12292,Lolita Lempicka,5
12292,Pleasures,8
12292,Pure Poison,8
12292,Shalimar,4
12471,Angel,2
12471,Aromatics Elixir,2
12471,Chanel N5,3
12471,Cinema,4
12471,Coco Mademoiselle,7
12471,J'adore EP,7
12471,J'adore ET,9
12471,L'instant,2
12471,Lolita Lempicka,8
12471,Pleasures,8
12471,Pure Poison,6
12471,Shalimar,1
12535,Angel,4
12535,Aromatics Elixir,1
12535,Chanel N5,7
12535,Cinema,7
12535,Coco Mademoiselle,3
12535,J'adore EP,5
12535,J'adore ET,4
12535,L'instant,8
12535,Lolita Lempicka,2
12535,Pleasures,5
12535,Pure Poison,7
12535,Shalimar,4
12547,Angel,2
12547,Aromatics Elixir,1
12547,Chanel N5,5
12547,Cinema,7
12547,Coco Mademoiselle,4
12547,J'adore EP,8
12547,J'adore ET,5
12547,L'instant,6
12547,Lolita Lempicka,7
12547,Pleasures,4
12547,Pure Poison,5
12547,Shalimar,6
12574,Angel,1
12574,Aromatics Elixir,2
12574,Chanel N5,4
12574,Cinema,8
12574,Coco Mademoiselle,4
12574,J'adore EP,3
12574,J'adore ET,3
12574,L'instant,8
12574,Lolita Lempicka,7
12574,Pleasures,3
12574,Pure Poison,4
12574,Shalimar,4
12580,Angel,5
12580,Aromatics Elixir,4
12580,Chanel N5,4
12580,Cinema,3
12580,Coco Mademoiselle,8
12580,J'adore EP,8
12580,J'adore ET,8
12580,L'instant,3
12580,Lolita Lempicka,8
12580,Pleasures,8
12580,Pure Poison,7
12580,Shalimar,5
12656,Angel,4
12656,Aromatics Elixir,4
12656,Chanel N5,4
12656,Cinema,6
12656,Coco Mademoiselle,6
12656,J'adore EP,6
12656,J'adore ET,5
12656,L'instant,6
12656,Lolita Lempicka,4
12656,Pleasures,6
12656,Pure Poison,5
12656,Shalimar,5
12706,Angel,2
12706,Aromatics Elixir,4
12706,Chanel N5,5
12706,Cinema,7
12706,Coco Mademoiselle,4
12706,J'adore EP,7
12706,J'adore ET,1
12706,L'instant,4
12706,Lolita Lempicka,7
12706,Pleasures,7
12706,Pure Poison,4
12706,Shalimar,6
12742,Angel,7
12742,Aromatics Elixir,4
12742,Chanel N5,4
12742,Cinema,7
12742,Coco Mademoiselle,7
12742,J'adore EP,7
12742,J'adore ET,6
12742,L'instant,7
12742,Lolita Lempicka,5
12742,Pleasures,7
12742,Pure Poison,7
12742,Shalimar,4
12774,Angel,2
12774,Aromatics Elixir,4
12774,Chanel N5,3
12774,Cinema,6
12774,Coco Mademoiselle,4
12774,J'adore EP,6
12774,J'adore ET,3
12774,L'instant,6
12774,Lolita Lempicka,5
12774,Pleasures,4
12774,Pure Poison,5
12774,Shalimar,2
12859,Angel,4
12859,Aromatics Elixir,4
12859,Chanel N5,6
12859,Cinema,6
12859,Coco Mademoiselle,5
12859,J'adore EP,4
12859,J'adore ET,7
12859,L'instant,6
12859,Lolita Lempicka,5
12859,Pleasures,6
12859,Pure Poison,6
12859,Shalimar,8
12872,Angel,1
12872,Aromatics Elixir,3
12872,Chanel N5,4
12872,Cinema,2
12872,Coco Mademoiselle,5
12872,J'adore EP,9
12872,J'adore ET,8
12872,L'instant,6
12872,Lolita Lempicka,9
12872,Pleasures,5
12872,Pure Poison,9
12872,Shalimar,2
12924,Angel,6
12924,Aromatics Elixir,4
12924,Chanel N5,5
12924,Cinema,8
12924,Coco Mademoiselle,8
12924,J'adore EP,6
12924,J'adore ET,8
12924,L'instant,6
12924,Lolita Lempicka,6
12924,Pleasures,5
12924,Pure Poison,8
12924,Shalimar,6
13048,Angel,3
13048,Aromatics Elixir,6
13048,Chanel N5,2
13048,Cinema,5
13048,Coco Mademoiselle,7
13048,J'adore EP,7
13048,J'adore ET,5
13048,L'instant,1
13048,Lolita Lempicka,6
13048,Pleasures,5
13048,Pure Poison,7
13048,Shalimar,1
13073,Angel,6
13073,Aromatics Elixir,4
13073,Chanel N5,4
13073,Cinema,7
13073,Coco Mademoiselle,8
13073,J'adore EP,7
13073,J'adore ET,7
13073,L'instant,5
13073,Lolita Lempicka,6
13073,Pleasures,7
13073,Pure Poison,4
13073,Shalimar,4
13090,Angel,1
13090,Aromatics Elixir,1
13090,Chanel N5,5
13090,Cinema,7
13090,Coco Mademoiselle,6
13090,J'adore EP,4
13090,J'adore ET,5
13090,L'instant,6
13090,Lolita Lempicka,6
13090,Pleasures,2
13090,Pure Poison,8
13090,Shalimar,5
13121,Angel,3
13121,Aromatics Elixir,1
13121,Chanel N5,1
13121,Cinema,7
13121,Coco Mademoiselle,7
13121,J'adore EP,7
13121,J'adore ET,7
13121,L'instant,4
13121,Lolita Lempicka,6
13121,Pleasures,7
13121,Pure Poison,5
13121,Shalimar,7
13292,Angel,2
13292,Aromatics Elixir,1
13292,Chanel N5,1
13292,Cinema,6
13292,Coco Mademoiselle,9
13292,J'adore EP,7
13292,J'adore ET,1
13292,L'instant,1
13292,Lolita Lempicka,9
13292,Pleasures,2
13292,Pure Poison,7
13292,Shalimar,1
13311,Angel,1
13311,Aromatics Elixir,3
13311,Chanel N5,6
13311,Cinema,7
13311,Coco Mademoiselle,9
13311,J'adore EP,9
13311,J'adore ET,9
13311,L'instant,3
13311,Lolita Lempicka,8
13311,Pleasures,9
13311,Pure Poison,7
13311,Shalimar,2
13313,Angel,6
13313,Aromatics Elixir,8
13313,Chanel N5,8
13313,Cinema,7
13313,Coco Mademoiselle,9
13313,J'adore EP,8
13313,J'adore ET,5
13313,L'instant,8
13313,Lolita Lempicka,8
13313,Pleasures,8
13313,Pure Poison,9
13313,Shalimar,8
13428,Angel,1
13428,Aromatics Elixir,5
13428,Chanel N5,3
13428,Cinema,5
13428,Coco Mademoiselle,6
13428,J'adore EP,5
13428,J'adore ET,8
13428,L'instant,6
13428,Lolita Lempicka,1
13428,Pleasures,7
13428,Pure Poison,7
13428,Shalimar,1
13538,Angel,7
13538,Aromatics Elixir,5
13538,Chanel N5,7
13538,Cinema,7
13538,Coco Mademoiselle,8
13538,J'adore EP,5
13538,J'adore ET,7
13538,L'instant,5
13538,Lolita Lempicka,5
13538,Pleasures,6
13538,Pure Poison,6
13538,Shalimar,7
13617,Angel,7
13617,Aromatics Elixir,1
13617,Chanel N5,3
13617,Cinema,7
13617,Coco Mademoiselle,9
13617,J'adore EP,7
13617,J'adore ET,6
13617,L'instant,6
13617,Lolita Lempicka,6
13617,Pleasures,4
13617,Pure Poison,8
13617,Shalimar,2
13618,Angel,7
13618,Aromatics Elixir,7
13618,Chanel N5,2
13618,Cinema,8
13618,Coco Mademoiselle,3
13618,J'adore EP,3
13618,J'adore ET,6
13618,L'instant,8
13618,Lolita Lempicka,7
13618,Pleasures,6
13618,Pure Poison,6
13618,Shalimar,7
13645,Angel,7
13645,Aromatics Elixir,5
13645,Chanel N5,8
13645,Cinema,7
13645,Coco Mademoiselle,7
13645,J'adore EP,6
13645,J'adore ET,6
13645,L'instant,7
13645,Lolita Lempicka,5
13645,Pleasures,8
13645,Pure Poison,8
13645,Shalimar,5
13648,Angel,5
13648,Aromatics Elixir,4
13648,Chanel N5,1
13648,Cinema,6
13648,Coco Mademoiselle,5
13648,J'adore EP,6
13648,J'adore ET,2
13648,L'instant,6
13648,Lolita Lempicka,4
13648,Pleasures,6
13648,Pure Poison,4
13648,Shalimar,2
